category,total_revenue,gross_profit,gross_margin_pct
Electronics,6.656638e+07,1.8237324e+07,0.273972
Home Goods,3.580562e+07,1.62028e+07,0.45252115
Apparel,3.3504078e+07,1.5191486e+07,0.453422
Books,1.61825e+07,1.0401473e+07,0.6427606
Sports & Outdoors,1.2262176e+07,5.0995345e+06,0.41587517
