discount_bin,total_gross_profit,total_quantity_sold,total_transaction
No Discount,5.626189e+07,1756171,1538317
1-15%,5.212227e+06,197849,173837
16-30%,3.0971002e+06,137412,124485
31-50%,561401.3,76326,64596
